Course,Description,Duration,link
Data Science Bootcamp,..., 120 saat,http://dsa.az
Data Science Giriş təlimi ,Data Science-ın gücünü və bu sahədə ən çox tələb olunan bacarıqları ödənişsiz təlimimizdə bizi..., ,http://dsa.az
Data ilə Biznes Analitikası,"Data ilə Biznes Analitikasını qısa müddətdə öyrən və daha peşəkar qərarlar ver!

...", 30 saat,http://dsa.az
Power BI & Excel & SQL ilə Data An...,"Bilirsinizmi ki, saatlarla üzərində işlədiyiniz Excel data analizi və vizual hesabatları Power BI ilə c�...", 30 saat,http://dsa.az/training/apply/19
Power BI ilə vizuallaşdırma,..., 20 saat,http://dsa.az/trainings/data-science-giris-telimi
Python ilə Data Science,Data Science-də Python-un gücü ilə tanış olun!..., 30 saat,http://dsa.az/trainings/data-science-giris-telimi
Data Analitikası (+Süni Zəka) R ...,Dataya əsaslanaraq daha ağıllı qərarlar verin. Bunun üçün R proqramı optimal seçimdir...., 30 saat,http://dsa.az/training/apply/1
Səhiyyə Analitikası Təlimi,Bu kurs həkimlərin elmi əsaslı nəticələr əldə etmələri üçün Səhiyyə Statistikasını daha rahat ..., 40 saat,http://dsa.az/trainings/data-ile-biznes-analitikasi
SQL ilə Data Analitikası,Data ilə heç bir çətinliyiniz qalmasın!..., 20 saat,http://dsa.az/trainings/data-ile-biznes-analitikasi
Excel ilə Data Analitikası,Excel ilə data analitikasına addımla!..., 20 saat,http://dsa.az/training/apply/22
SPSS ilə Data Analitikası,SPSS ilə tədqiqat bacarıqlarınızı praktiki olaraq inkişaf etdirin!..., 40 saat,http://dsa.az/trainings/power-bi-excel-sql-ile-data-analitikasi-telimi
Tableau ilə Vizuallaşdırma,Tableau ilə Datanızın hekayəsini danışın...., 27 saat,http://dsa.az/trainings/power-bi-excel-sql-ile-data-analitikasi-telimi
